Index,Date,Season,Year,Month,Holiday,Weekday,WorkingDay,Weather,Temp,ATemp,Humidity,WindSpeed,Casual,Registered,Count,,
1,1/1/2011,1,2011,1,0,6,0,2,14,18,80.6,10.7,331,654,985,,
2,1/2/2011,1,2011,1,0,7,0,2,15,18,69.6,16.7,131,670,801,,
3,1/3/2011,1,2011,1,0,1,1,1,8,9,43.7,16.6,120,1229,1349,,
4,1/4/2011,1,2011,1,0,2,1,1,8,11,59,10.7,108,1454,1562,,
5,1/5/2011,1,2011,1,0,3,1,1,9,11,43.7,12.5,82,1518,1600,,
6,1/6/2011,1,2011,1,0,4,1,1,8,12,51.8,6,88,1518,1606,,
7,1/7/2011,1,2011,1,0,5,1,2,8,10,49.9,11.3,148,1362,1510,,
8,1/8/2011,1,2011,1,0,6,0,2,7,8,53.6,17.9,68,891,959,,
9,1/9/2011,1,2011,1,0,7,0,1,6,6,43.4,24.3,54,768,822,,
10,1/10/2011,1,2011,1,0,1,1,1,6,8,48.3,15,41,1280,1321,,
11,1/11/2011,1,2011,1,0,2,1,2,7,10,68.6,8.2,43,1220,1263,,
12,1/12/2011,1,2011,1,0,3,1,1,7,8,60,20.4,25,1137,1162,,
13,1/13/2011,1,2011,1,0,4,1,1,7,8,47,20.2,38,1368,1406,,
14,1/14/2011,1,2011,1,0,5,1,1,7,9,53.8,8.5,54,1367,1421,,
15,1/15/2011,1,2011,1,0,6,0,2,10,12,49.9,10.6,222,1026,1248,,
16,1/16/2011,1,2011,1,0,7,0,1,9,12,48.4,12.6,251,953,1204,,
17,1/17/2011,1,2011,1,1,1,0,2,7,9,53.8,13,117,883,1000,,
18,1/18/2011,1,2011,1,0,2,1,2,9,12,86.2,9.8,9,674,683,,
19,1/19/2011,1,2011,1,0,3,1,2,12,15,74.2,14,78,1572,1650,,
20,1/20/2011,1,2011,1,0,4,1,2,11,13,53.8,13.1,83,1844,1927,,
21,1/21/2011,1,2011,1,0,5,1,1,7,8,45.7,23.7,75,1468,1543,,
22,1/22/2011,1,2011,1,0,6,0,1,2,4,40,11.5,93,888,981,,
23,1/23/2011,1,2011,1,0,7,0,1,4,5,43.7,16.5,150,836,986,,
24,1/24/2011,1,2011,1,0,1,1,1,4,6,49.2,10.6,86,1330,1416,,
25,1/25/2011,1,2011,1,0,2,1,2,9,12,61.7,8.7,186,1799,1985,,
26,1/26/2011,1,2011,1,0,3,1,3,9,10,86.3,19.7,34,472,506,,
27,1/27/2011,1,2011,1,0,4,1,1,8,11,68.8,7.6,15,416,431,,
28,1/28/2011,1,2011,1,0,5,1,2,8,11,79.3,8.3,38,1129,1167,,
29,1/29/2011,1,2011,1,0,6,0,1,8,11,65.2,9.7,123,975,1098,,
30,1/30/2011,1,2011,1,0,7,0,1,9,13,72.2,5,140,956,1096,,
31,1/31/2011,1,2011,1,0,1,1,2,7,9,60.4,12.5,42,1459,1501,,
32,2/1/2011,1,2011,2,0,2,1,2,8,12,83,3.6,47,1313,1360,,
33,2/2/2011,1,2011,2,0,3,1,2,11,13,77.5,17.7,72,1454,1526,,
34,2/3/2011,1,2011,2,0,4,1,1,8,9,43.8,18.6,61,1489,1550,,
35,2/4/2011,1,2011,2,0,5,1,2,9,11,58.5,8.6,88,1620,1708,,
36,2/5/2011,1,2011,2,0,6,0,2,10,12,92.9,10.8,100,905,1005,,
37,2/6/2011,1,2011,2,0,7,0,1,12,15,56.8,9.5,354,1269,1623,,
38,2/7/2011,1,2011,2,0,1,1,1,11,15,73.8,3,120,1592,1712,,
39,2/8/2011,1,2011,2,0,2,1,1,9,10,53.8,24.3,64,1466,1530,,
40,2/9/2011,1,2011,2,0,3,1,2,6,7,49.5,12.7,53,1552,1605,,
41,2/10/2011,1,2011,2,0,4,1,1,6,7,43.7,14.9,47,1491,1538,,
42,2/11/2011,1,2011,2,0,5,1,1,8,11,50.6,7.3,149,1597,1746,,
43,2/12/2011,1,2011,2,0,6,0,1,9,12,54.4,13.6,288,1184,1472,,
44,2/13/2011,1,2011,2,0,7,0,1,13,16,45.7,17.5,397,1192,1589,,
45,2/14/2011,1,2011,2,0,1,1,1,17,20,37.6,28,208,1705,1913,,
46,2/15/2011,1,2011,2,0,2,1,1,11,13,31.4,19.5,140,1675,1815,,
47,2/16/2011,1,2011,2,0,3,1,1,13,16,42.3,16.9,218,1897,2115,,
48,2/17/2011,1,2011,2,0,4,1,1,18,21,50.5,15.4,259,2216,2475,,
49,2/18/2011,1,2011,2,0,5,1,1,21,26,51.7,17.7,579,2348,2927,,
50,2/19/2011,1,2011,2,0,6,0,1,16,20,18.8,34,532,1103,1635,,
51,2/20/2011,1,2011,2,0,7,0,1,12,14,40.8,15,639,1173,1812,,
52,2/21/2011,1,2011,2,1,1,0,2,12,14,60.5,20.6,195,912,1107,,
53,2/22/2011,1,2011,2,0,2,1,1,7,9,57.8,13.1,74,1376,1450,,
54,2/23/2011,1,2011,2,0,3,1,1,9,12,42.3,6.3,139,1778,1917,,
55,2/24/2011,1,2011,2,0,4,1,2,12,14,69.7,16.8,100,1707,1807,,
56,2/25/2011,1,2011,2,0,5,1,2,15,18,71.2,23.2,120,1341,1461,,
57,2/26/2011,1,2011,2,0,6,0,1,12,14,53.8,12.5,424,1545,1969,,
58,2/27/2011,1,2011,2,0,7,0,1,14,18,68,8.4,694,1708,2402,,
59,2/28/2011,1,2011,2,0,1,1,2,17,20,87.6,19.4,81,1365,1446,,
60,3/1/2011,1,2011,3,0,2,1,1,11,13,53.5,14.5,137,1714,1851,,
61,3/2/2011,1,2011,3,0,3,1,1,14,16,45,20.6,231,1903,2134,,
62,3/3/2011,1,2011,3,0,4,1,1,8,10,31.8,15.1,123,1562,1685,,
63,3/4/2011,1,2011,3,0,5,1,2,11,13,61,13.6,214,1730,1944,,
64,3/5/2011,1,2011,3,0,6,0,2,16,19,78.9,16.9,640,1437,2077,,
65,3/6/2011,1,2011,3,0,7,0,2,15,18,94.8,23,114,491,605,,
66,3/7/2011,1,2011,3,0,1,1,1,11,12,55.1,22.9,244,1628,1872,,
67,3/8/2011,1,2011,3,0,2,1,1,12,15,42.1,8.1,316,1817,2133,,
68,3/9/2011,1,2011,3,0,3,1,2,12,14,77.5,14.8,191,1700,1891,,
69,3/10/2011,1,2011,3,0,4,1,3,16,19,0,17.5,46,577,623,,
70,3/11/2011,1,2011,3,0,5,1,2,13,15,65,15.6,247,1730,1977,,
71,3/12/2011,1,2011,3,0,6,0,1,13,16,59.5,14.8,724,1408,2132,,
72,3/13/2011,1,2011,3,0,7,0,1,16,19,52.7,18.1,982,1435,2417,,
73,3/14/2011,1,2011,3,0,1,1,1,13,17,49.7,9.2,359,1687,2046,,
74,3/15/2011,1,2011,3,0,2,1,2,13,16,65.6,12.3,289,1767,2056,,
75,3/16/2011,1,2011,3,0,3,1,2,15,18,77.7,13.6,321,1871,2192,,
76,3/17/2011,1,2011,3,0,4,1,1,17,21,60.3,14,424,2320,2744,,
77,3/18/2011,1,2011,3,0,5,1,1,22,26,52.5,15.5,884,2355,3239,,
78,3/19/2011,1,2011,3,0,6,0,1,19,23,37.9,24.7,1424,1693,3117,,
79,3/20/2011,1,2011,3,0,7,0,1,14,16,47.4,13.9,1047,1424,2471,,
80,3/21/2011,2,2011,3,0,1,1,2,18,20,73.7,19.3,401,1676,2077,,
81,3/22/2011,2,2011,3,0,2,1,1,18,22,62.5,15.1,460,2243,2703,,
82,3/23/2011,2,2011,3,0,3,1,2,14,17,84,15.7,203,1918,2121,,
83,3/24/2011,2,2011,3,0,4,1,2,12,14,80.6,16.3,166,1699,1865,,
84,3/25/2011,2,2011,3,0,5,1,1,11,13,49.5,15.5,300,1910,2210,,
85,3/26/2011,2,2011,3,0,6,0,1,11,13,39.4,14,981,1515,2496,,
86,3/27/2011,2,2011,3,0,7,0,2,10,13,49.4,12.3,472,1221,1693,,
87,3/28/2011,2,2011,3,0,1,1,1,11,13,30.2,14.2,222,1806,2028,,
88,3/29/2011,2,2011,3,0,2,1,1,12,15,31.4,15.2,317,2108,2425,,
89,3/30/2011,2,2011,3,0,3,1,2,12,15,64.7,11.6,168,1368,1536,,
90,3/31/2011,2,2011,3,0,4,1,3,11,13,91.8,14.6,179,1506,1685,,
91,4/1/2011,2,2011,4,0,5,1,2,12,14,68.6,17.3,307,1920,2227,,
92,4/2/2011,2,2011,4,0,6,0,2,13,16,65.4,13.2,898,1354,2252,,
93,4/3/2011,2,2011,4,0,7,0,1,16,19,48,12.2,1651,1598,3249,,
94,4/4/2011,2,2011,4,0,1,1,1,24,27,42.6,25.8,734,2381,3115,,
95,4/5/2011,2,2011,4,0,2,1,2,17,20,64.2,26,167,1628,1795,,
96,4/6/2011,2,2011,4,0,3,1,1,16,19,47.1,17.6,413,2395,2808,,
97,4/7/2011,2,2011,4,0,4,1,1,18,22,60.3,10.9,571,2570,3141,,
98,4/8/2011,2,2011,4,0,5,1,2,14,16,83.6,15.2,172,1299,1471,,
99,4/9/2011,2,2011,4,0,6,0,2,14,17,87.8,8.9,879,1576,2455,,
100,4/10/2011,2,2011,4,0,7,0,2,17,21,85.8,9.8,1188,1707,2895,,
101,4/11/2011,2,2011,4,0,1,1,2,24,28,71.7,21.7,855,2493,3348,,
102,4/12/2011,2,2011,4,0,2,1,2,21,25,73.9,18.4,257,1777,2034,,
103,4/13/2011,2,2011,4,0,3,1,2,17,21,81.9,16.8,209,1953,2162,,
104,4/14/2011,2,2011,4,0,4,1,1,19,23,54,7.4,529,2738,3267,,
105,4/15/2011,2,2011,4,1,5,0,1,18,22,67.1,15.2,642,2484,3126,,
106,4/16/2011,2,2011,4,0,6,0,3,18,21,88.8,22.8,121,674,795,,
107,4/17/2011,2,2011,4,0,7,0,1,19,22,48,20.3,1558,2186,3744,,
108,4/18/2011,2,2011,4,0,1,1,1,21,25,54.3,11,669,2760,3429,,
109,4/19/2011,2,2011,4,0,2,1,2,21,24,66.6,10.6,409,2795,3204,,
110,4/20/2011,2,2011,4,0,3,1,1,24,28,61.4,16.2,613,3331,3944,,
111,4/21/2011,2,2011,4,0,4,1,1,19,23,40.7,21.8,745,3444,4189,,
112,4/22/2011,2,2011,4,0,5,1,2,14,16,73,14.7,177,1506,1683,,
113,4/23/2011,2,2011,4,0,6,0,2,19,23,88.8,15.5,1462,2574,4036,,
114,4/24/2011,2,2011,4,0,7,0,2,24,28,81.1,12.9,1710,2481,4191,,
115,4/25/2011,2,2011,4,0,1,1,1,25,29,77.7,12.4,773,3300,4073,,
116,4/26/2011,2,2011,4,0,2,1,1,26,30,72.9,21.9,678,3722,4400,,
117,4/27/2011,2,2011,4,0,3,1,2,25,29,83.5,20.9,547,3325,3872,,
118,4/28/2011,2,2011,4,0,4,1,2,25,29,70.1,21.5,569,3489,4058,,
119,4/29/2011,2,2011,4,0,5,1,1,21,25,45.7,16.1,878,3717,4595,,
120,4/30/2011,2,2011,4,0,6,0,1,19,23,50.3,15.8,1965,3347,5312,,
121,5/1/2011,2,2011,5,0,7,0,2,19,22,76.2,7.1,1138,2213,3351,,
122,5/2/2011,2,2011,5,0,1,1,2,23,27,73,12.3,847,3554,4401,,
123,5/3/2011,2,2011,5,0,2,1,2,25,29,69.7,23,603,3848,4451,,
124,5/4/2011,2,2011,5,0,3,1,2,17,20,73.7,22,255,2378,2633,,
125,5/5/2011,2,2011,5,0,4,1,1,19,22,44.4,19.8,614,3819,4433,,
126,5/6/2011,2,2011,5,0,5,1,1,20,24,59,15.3,894,3714,4608,,
127,5/7/2011,2,2011,5,0,6,0,1,21,26,54.1,10.8,1612,3102,4714,,
128,5/8/2011,2,2011,5,0,7,0,1,22,26,63.2,5,1401,2932,4333,,
129,5/9/2011,2,2011,5,0,1,1,1,22,26,58.9,11.8,664,3698,4362,,
130,5/10/2011,2,2011,5,0,2,1,1,22,26,48.9,7.7,694,4109,4803,,
131,5/11/2011,2,2011,5,0,3,1,1,22,26,63.3,8.1,550,3632,4182,,
132,5/12/2011,2,2011,5,0,4,1,1,22,26,74.8,12.7,695,4169,4864,,
133,5/13/2011,2,2011,5,0,5,1,2,21,25,86.3,12,692,3413,4105,,
134,5/14/2011,2,2011,5,0,6,0,2,21,25,92.3,9,902,2507,3409,,
135,5/15/2011,2,2011,5,0,7,0,2,23,27,86.7,10.2,1582,2971,4553,,
136,5/16/2011,2,2011,5,0,1,1,1,24,28,78.8,8.5,773,3185,3958,,
137,5/17/2011,2,2011,5,0,2,1,2,23,27,83.8,18.6,678,3445,4123,,
138,5/18/2011,2,2011,5,0,3,1,2,23,26,87,13.5,536,3319,3855,,
139,5/19/2011,2,2011,5,0,4,1,2,22,26,83,7.3,735,3840,4575,,
140,5/20/2011,2,2011,5,0,5,1,1,22,26,72,8.4,909,4008,4917,,
141,5/21/2011,2,2011,5,0,6,0,1,25,29,62.7,8.1,2258,3547,5805,,
142,5/22/2011,2,2011,5,0,7,0,1,25,29,75,9.9,1576,3084,4660,,
143,5/23/2011,2,2011,5,0,1,1,2,26,30,81,15.7,836,3438,4274,,
144,5/24/2011,2,2011,5,0,2,1,2,27,30,74.1,13.9,659,3833,4492,,
145,5/25/2011,2,2011,5,0,3,1,1,27,31,69.6,10.3,740,4238,4978,,
146,5/26/2011,2,2011,5,0,4,1,1,29,33,67.8,13.4,758,3919,4677,,
147,5/27/2011,2,2011,5,0,5,1,1,28,32,65.4,16.1,871,3808,4679,,
148,5/28/2011,2,2011,5,0,6,0,1,27,31,73,15.4,2001,2757,4758,,
149,5/29/2011,2,2011,5,0,7,0,1,27,31,81.9,14.3,2355,2433,4788,,
150,5/30/2011,2,2011,5,1,1,0,1,30,34,68.5,8.8,1549,2549,4098,,
151,5/31/2011,2,2011,5,0,2,1,1,32,36,63.7,7.5,673,3309,3982,,
152,6/1/2011,2,2011,6,0,3,1,2,31,36,67.7,13.9,513,3461,3974,,
153,6/2/2011,2,2011,6,0,4,1,1,29,32,30.5,19.6,736,4232,4968,,
154,6/3/2011,2,2011,6,0,5,1,1,25,29,35.4,17,898,4414,5312,,
155,6/4/2011,2,2011,6,0,6,0,1,26,30,45.6,8.3,1869,3473,5342,,
156,6/5/2011,2,2011,6,0,7,0,2,27,31,65.3,9.3,1685,3221,4906,,
157,6/6/2011,2,2011,6,0,1,1,1,28,31,60,8.2,673,3875,4548,,
158,6/7/2011,2,2011,6,0,2,1,1,29,33,59.8,12.6,763,4070,4833,,
159,6/8/2011,2,2011,6,0,3,1,1,32,36,62.2,9.2,676,3725,4401,,
160,6/9/2011,2,2011,6,0,4,1,2,33,38,56.8,10,563,3352,3915,,
161,6/10/2011,2,2011,6,0,5,1,1,31,35,60.5,9.4,815,3771,4586,,
162,6/11/2011,2,2011,6,0,6,0,1,30,34,65.5,10.4,1729,3237,4966,,
163,6/12/2011,2,2011,6,0,7,0,1,28,32,74.8,11,1467,2993,4460,,
164,6/13/2011,2,2011,6,0,1,1,1,26,30,49.5,20.5,863,4157,5020,,
165,6/14/2011,2,2011,6,0,2,1,1,25,30,50.7,18,727,4164,4891,,
166,6/15/2011,2,2011,6,0,3,1,1,26,29,47.2,11.3,769,4411,5180,,
167,6/16/2011,2,2011,6,0,4,1,2,26,30,68.8,13.8,545,3222,3767,,
168,6/17/2011,2,2011,6,0,5,1,1,27,30,73.6,9.6,863,3981,4844,,
169,6/18/2011,2,2011,6,0,6,0,1,29,32,67,8,1807,3312,5119,,
170,6/19/2011,2,2011,6,0,7,0,2,29,32,66.7,6.8,1639,3105,4744,,
171,6/20/2011,2,2011,6,0,1,1,2,26,30,74.6,10.4,699,3311,4010,,
172,6/21/2011,3,2011,6,0,2,1,2,28,32,77,11.5,774,4061,4835,,
173,6/22/2011,3,2011,6,0,3,1,1,30,35,70.8,11.5,661,3846,4507,,
174,6/23/2011,3,2011,6,0,4,1,2,30,35,70.3,16,746,4044,4790,,
175,6/24/2011,3,2011,6,0,5,1,1,30,33,57.3,14.9,969,4022,4991,,
176,6/25/2011,3,2011,6,0,6,0,1,28,32,48.3,14,1782,3420,5202,,
177,6/26/2011,3,2011,6,0,7,0,1,28,32,51.3,6.3,1920,3385,5305,,
178,6/27/2011,3,2011,6,0,1,1,2,28,32,65.8,7.2,854,3854,4708,,
179,6/28/2011,3,2011,6,0,2,1,1,31,35,63.4,9.7,732,3916,4648,,
180,6/29/2011,3,2011,6,0,3,1,1,30,33,49.8,17.5,848,4377,5225,,
181,6/30/2011,3,2011,6,0,4,1,1,29,32,43.4,12.4,1027,4488,5515,,
182,7/1/2011,3,2011,7,0,5,1,1,30,33,39.6,6.9,1246,4116,5362,,
183,7/2/2011,3,2011,7,0,6,0,1,30,33,44.5,7.7,2204,2915,5119,,
184,7/3/2011,3,2011,7,0,7,0,2,29,33,68.3,15.3,2282,2367,4649,,
185,7/4/2011,3,2011,7,1,1,0,2,30,33,63.8,5.5,3065,2978,6043,,
186,7/5/2011,3,2011,7,0,2,1,1,31,35,59,8.5,1031,3634,4665,,
187,7/6/2011,3,2011,7,0,3,1,1,30,34,74.3,10,784,3845,4629,,
188,7/7/2011,3,2011,7,0,4,1,1,31,34,65.1,10.7,754,3838,4592,,
189,7/8/2011,3,2011,7,0,5,1,2,29,34,75.8,15.1,692,3348,4040,,
190,7/9/2011,3,2011,7,0,6,0,1,30,33,60.9,11.3,1988,3348,5336,,
191,7/10/2011,3,2011,7,0,7,0,1,31,35,57.8,12.3,1743,3138,4881,,
192,7/11/2011,3,2011,7,0,1,1,1,31,36,63.6,18.9,723,3363,4086,,
193,7/12/2011,3,2011,7,0,2,1,1,33,37,55.9,13.4,662,3596,4258,,
194,7/13/2011,3,2011,7,0,3,1,1,31,34,63.2,9.8,748,3594,4342,,
195,7/14/2011,3,2011,7,0,4,1,1,28,32,47.6,16.1,888,4196,5084,,
196,7/15/2011,3,2011,7,0,5,1,1,27,31,59.1,12.2,1318,4220,5538,,
197,7/16/2011,3,2011,7,0,6,0,1,28,32,58.5,14,2418,3505,5923,,
198,7/17/2011,3,2011,7,0,7,0,1,29,33,60.4,16.4,2006,3296,5302,,
199,7/18/2011,3,2011,7,0,1,1,1,31,35,65.1,14.5,841,3617,4458,,
200,7/19/2011,3,2011,7,0,2,1,1,32,37,65,8.8,752,3789,4541,,
201,7/20/2011,3,2011,7,0,3,1,1,32,37,70.7,7.6,644,3688,4332,,
202,7/21/2011,3,2011,7,0,4,1,2,33,41,69.1,14.9,632,3152,3784,,
203,7/22/2011,3,2011,7,0,5,1,1,35,42,58,8.9,562,2825,3387,,
204,7/23/2011,3,2011,7,0,6,0,1,35,40,50,8.8,987,2298,3285,,
205,7/24/2011,3,2011,7,0,7,0,1,34,40,55.1,11.3,1050,2556,3606,,
206,7/25/2011,3,2011,7,0,1,1,1,30,36,75.7,6.1,568,3272,3840,,
207,7/26/2011,3,2011,7,0,2,1,1,32,35,54.1,13.4,750,3840,4590,,
208,7/27/2011,3,2011,7,0,3,1,1,32,35,40.3,12.3,755,3901,4656,,
209,7/28/2011,3,2011,7,0,4,1,1,32,37,58.3,12,606,3784,4390,,
210,7/29/2011,3,2011,7,0,5,1,1,34,39,54.3,11.7,670,3176,3846,,
211,7/30/2011,3,2011,7,0,6,0,1,33,36,46.6,11.3,1559,2916,4475,,
212,7/31/2011,3,2011,7,0,7,0,1,33,36,48.1,11,1524,2778,4302,,
213,8/1/2011,3,2011,8,0,1,1,1,32,35,55.1,10.5,729,3537,4266,,
214,8/2/2011,3,2011,8,0,2,1,1,32,35,49.1,13.8,801,4044,4845,,
215,8/3/2011,3,2011,8,0,3,1,2,30,34,65.8,9.1,467,3107,3574,,
216,8/4/2011,3,2011,8,0,4,1,2,29,33,75.8,13.2,799,3777,4576,,
217,8/5/2011,3,2011,8,0,5,1,1,29,33,63.1,12.4,1023,3843,4866,,
218,8/6/2011,3,2011,8,0,6,0,2,29,34,75.5,15.3,1521,2773,4294,,
219,8/7/2011,3,2011,8,0,7,0,1,30,36,75.3,13.5,1298,2487,3785,,
220,8/8/2011,3,2011,8,0,1,1,1,31,35,59.2,12.9,846,3480,4326,,
221,8/9/2011,3,2011,8,0,2,1,1,32,36,57,10.1,907,3695,4602,,
222,8/10/2011,3,2011,8,0,3,1,1,31,34,42.4,13.4,884,3896,4780,,
223,8/11/2011,3,2011,8,0,4,1,1,29,33,42.4,11,812,3980,4792,,
224,8/12/2011,3,2011,8,0,5,1,1,29,33,41.5,8.4,1051,3854,4905,,
225,8/13/2011,3,2011,8,0,6,0,2,28,32,73,14.2,1504,2646,4150,,
226,8/14/2011,3,2011,8,0,7,0,2,28,31,81.8,14.9,1338,2482,3820,,
227,8/15/2011,3,2011,8,0,1,1,1,27,31,71.2,14,775,3563,4338,,
228,8/16/2011,3,2011,8,0,2,1,1,29,32,57.8,15.8,721,4004,4725,,
229,8/17/2011,3,2011,8,0,3,1,1,30,33,57.5,9.6,668,4026,4694,,
230,8/18/2011,3,2011,8,0,4,1,1,29,33,65.5,15.6,639,3166,3805,,
231,8/19/2011,3,2011,8,0,5,1,2,28,32,72.3,9.3,797,3356,4153,,
232,8/20/2011,3,2011,8,0,6,0,1,29,32,67.4,7,1914,3277,5191,,
233,8/21/2011,3,2011,8,0,7,0,1,29,34,77,16.7,1249,2624,3873,,
234,8/22/2011,3,2011,8,0,1,1,1,28,32,47,18.5,833,3925,4758,,
235,8/23/2011,3,2011,8,0,2,1,1,26,30,45.5,9.8,1281,4614,5895,,
236,8/24/2011,3,2011,8,0,3,1,1,28,32,60.5,17,949,4181,5130,,
237,8/25/2011,3,2011,8,0,4,1,2,28,32,77.2,14.1,435,3107,3542,,
238,8/26/2011,3,2011,8,0,5,1,1,29,33,76.1,5.6,768,3893,4661,,
239,8/27/2011,3,2011,8,0,6,0,2,28,32,85,25.2,226,889,1115,,
240,8/28/2011,3,2011,8,0,7,0,1,29,32,56.2,20.4,1415,2919,4334,,
241,8/29/2011,3,2011,8,0,1,1,1,26,30,55.5,10.7,729,3905,4634,,
242,8/30/2011,3,2011,8,0,2,1,1,26,30,54.8,8.4,775,4429,5204,,
243,8/31/2011,3,2011,8,0,3,1,1,27,31,59.8,5.6,688,4370,5058,,
244,9/1/2011,3,2011,9,0,4,1,1,27,31,63.9,9.5,783,4332,5115,,
245,9/2/2011,3,2011,9,0,5,1,2,26,30,72.7,9.4,875,3852,4727,,
246,9/3/2011,3,2011,9,0,6,0,1,27,32,71.7,12.4,1935,2549,4484,,
247,9/4/2011,3,2011,9,0,7,0,1,29,33,74.2,13.8,2521,2419,4940,,
248,9/5/2011,3,2011,9,1,1,0,2,28,31,79,14.3,1236,2115,3351,,
249,9/6/2011,3,2011,9,0,2,1,3,22,26,88.7,23,204,2506,2710,,
250,9/7/2011,3,2011,9,0,3,1,3,25,27,91.7,6.5,118,1878,1996,,
251,9/8/2011,3,2011,9,0,4,1,3,26,28,94,12.9,153,1689,1842,,
252,9/9/2011,3,2011,9,0,5,1,2,27,29,89.8,8.3,417,3127,3544,,
253,9/10/2011,3,2011,9,0,6,0,1,27,30,75.4,10.3,1750,3595,5345,,
254,9/11/2011,3,2011,9,0,7,0,1,27,30,71.4,7.7,1633,3413,5046,,
255,9/12/2011,3,2011,9,0,1,1,1,26,30,69.2,6,690,4023,4713,,
256,9/13/2011,3,2011,9,0,2,1,1,27,30,71.3,9.5,701,4062,4763,,
257,9/14/2011,3,2011,9,0,3,1,1,28,31,69.7,11.2,647,4138,4785,,
258,9/15/2011,3,2011,9,0,4,1,2,24,28,70.9,18.2,428,3231,3659,,
259,9/16/2011,3,2011,9,0,5,1,2,19,23,59,11,742,4018,4760,,
260,9/17/2011,3,2011,9,0,6,0,2,20,24,71.8,12.7,1434,3077,4511,,
261,9/18/2011,3,2011,9,0,7,0,1,21,25,69.5,12,1353,2921,4274,,
262,9/19/2011,3,2011,9,0,1,1,2,23,26,69,10.2,691,3848,4539,,
263,9/20/2011,3,2011,9,0,2,1,2,23,27,88.1,9,438,3203,3641,,
264,9/21/2011,3,2011,9,0,3,1,2,24,28,90,6.5,539,3813,4352,,
265,9/22/2011,3,2011,9,0,4,1,2,26,28,90.2,8.6,555,4240,4795,,
266,9/23/2011,4,2011,9,0,5,1,2,25,26,97.3,5.3,258,2137,2395,,
267,9/24/2011,4,2011,9,0,6,0,2,25,28,86.3,5.3,1776,3647,5423,,
268,9/25/2011,4,2011,9,0,7,0,2,26,29,84.5,3.4,1544,3466,5010,,
269,9/26/2011,4,2011,9,0,1,1,2,27,29,84.8,7.4,684,3946,4630,,
270,9/27/2011,4,2011,9,0,2,1,2,26,29,88.5,7.9,477,3643,4120,,
271,9/28/2011,4,2011,9,0,3,1,2,26,29,84.9,10,480,3427,3907,,
272,9/29/2011,4,2011,9,0,4,1,1,25,29,69.9,11.6,653,4186,4839,,
273,9/30/2011,4,2011,9,0,5,1,1,23,27,64.8,13.8,830,4372,5202,,
274,10/1/2011,4,2011,10,0,6,0,2,17,21,75.4,19.6,480,1949,2429,,
275,10/2/2011,4,2011,10,0,7,0,2,15,17,79.2,14.9,616,2302,2918,,
276,10/3/2011,4,2011,10,0,1,1,2,16,20,76.1,5.6,330,3240,3570,,
277,10/4/2011,4,2011,10,0,2,1,1,20,24,71,13.8,486,3970,4456,,
278,10/5/2011,4,2011,10,0,3,1,1,22,26,64.8,11.9,559,4267,4826,,
279,10/6/2011,4,2011,10,0,4,1,1,20,24,62.1,9,639,4126,4765,,
280,10/7/2011,4,2011,10,0,5,1,1,21,25,68.4,1.5,949,4036,4985,,
281,10/8/2011,4,2011,10,0,6,0,1,21,26,70.1,3,2235,3174,5409,,
282,10/9/2011,4,2011,10,0,7,0,1,22,26,72.8,4.3,2397,3114,5511,,
283,10/10/2011,4,2011,10,1,1,0,1,23,27,73.4,2.8,1514,3603,5117,,
284,10/11/2011,4,2011,10,0,2,1,2,23,27,80.9,9.6,667,3896,4563,,
285,10/12/2011,4,2011,10,0,3,1,3,22,26,90.6,16.6,217,2199,2416,,
286,10/13/2011,4,2011,10,0,4,1,2,24,28,89.7,9.5,290,2623,2913,,
287,10/14/2011,4,2011,10,0,5,1,2,23,26,71.6,15,529,3115,3644,,
288,10/15/2011,4,2011,10,0,6,0,1,21,25,48.3,17.3,1899,3318,5217,,
289,10/16/2011,4,2011,10,0,7,0,1,21,25,48.7,18.9,1748,3293,5041,,
290,10/17/2011,4,2011,10,0,1,1,1,22,26,58,11.8,713,3857,4570,,
291,10/18/2011,4,2011,10,0,2,1,2,22,26,70.2,7.4,637,4111,4748,,
292,10/19/2011,4,2011,10,0,3,1,3,22,26,89.5,16.3,254,2170,2424,,
293,10/20/2011,4,2011,10,0,4,1,1,20,23,63.6,28.3,471,3724,4195,,
294,10/21/2011,4,2011,10,0,5,1,1,18,21,57.4,14.8,676,3628,4304,,
295,10/22/2011,4,2011,10,0,6,0,1,17,21,62.9,6.2,1499,2809,4308,,
296,10/23/2011,4,2011,10,0,7,0,1,17,21,74.1,6.7,1619,2762,4381,,
297,10/24/2011,4,2011,10,0,1,1,1,19,23,77.2,8,699,3488,4187,,
298,10/25/2011,4,2011,10,0,2,1,1,19,23,62.3,11.2,695,3992,4687,,
299,10/26/2011,4,2011,10,0,3,1,2,20,24,72,10,404,3490,3894,,
300,10/27/2011,4,2011,10,0,4,1,2,19,23,81.3,13.3,240,2419,2659,,
301,10/28/2011,4,2011,10,0,5,1,2,14,16,58.6,15.4,456,3291,3747,,
302,10/29/2011,4,2011,10,0,6,0,3,10,11,88.3,23.5,57,570,627,,
303,10/30/2011,4,2011,10,0,7,0,1,13,16,62.4,11.8,885,2446,3331,,
304,10/31/2011,4,2011,10,0,1,1,1,14,18,70.3,7.1,362,3307,3669,,
305,11/1/2011,4,2011,11,0,2,1,1,16,20,68.4,9.1,410,3658,4068,,
306,11/2/2011,4,2011,11,0,3,1,1,15,20,71.9,5.5,370,3816,4186,,
307,11/3/2011,4,2011,11,0,4,1,1,17,20,70.2,9.2,318,3656,3974,,
308,11/4/2011,4,2011,11,0,5,1,2,17,20,62.3,18.2,470,3576,4046,,
309,11/5/2011,4,2011,11,0,6,0,1,13,16,51.9,12.7,1156,2770,3926,,
310,11/6/2011,4,2011,11,0,7,0,1,14,18,73.5,6.2,952,2697,3649,,
311,11/7/2011,4,2011,11,0,1,1,1,16,20,75.9,3.8,373,3662,4035,,
312,11/8/2011,4,2011,11,0,2,1,1,17,21,72.2,4.6,376,3829,4205,,
313,11/9/2011,4,2011,11,0,3,1,1,16,20,75.8,4.2,305,3804,4109,,
314,11/10/2011,4,2011,11,0,4,1,2,16,19,81.3,12.7,190,2743,2933,,
315,11/11/2011,4,2011,11,1,5,0,1,13,15,44.6,21.1,440,2928,3368,,
316,11/12/2011,4,2011,11,0,6,0,1,15,18,55.3,14.2,1275,2792,4067,,
317,11/13/2011,4,2011,11,0,7,0,1,18,22,45.8,18.9,1004,2713,3717,,
318,11/14/2011,4,2011,11,0,1,1,1,22,26,58.7,20.5,595,3891,4486,,
319,11/15/2011,4,2011,11,0,2,1,2,22,25,68.9,13.4,449,3746,4195,,
320,11/16/2011,4,2011,11,0,3,1,3,19,23,93,9.2,145,1672,1817,,
321,11/17/2011,4,2011,11,0,4,1,2,14,16,57.6,20.5,139,2914,3053,,
322,11/18/2011,4,2011,11,0,5,1,1,11,14,41,11.3,245,3147,3392,,
323,11/19/2011,4,2011,11,0,6,0,1,13,16,50.2,15,943,2720,3663,,
324,11/20/2011,4,2011,11,0,7,0,2,19,23,68.5,12.5,787,2733,3520,,
325,11/21/2011,4,2011,11,0,1,1,3,18,22,91,9.2,220,2545,2765,,
326,11/22/2011,4,2011,11,0,2,1,3,17,21,96.3,8,69,1538,1607,,
327,11/23/2011,4,2011,11,0,3,1,2,18,22,75.8,22.5,112,2454,2566,,
328,11/24/2011,4,2011,11,1,4,0,1,15,19,54.9,11.2,560,935,1495,,
329,11/25/2011,4,2011,11,0,5,1,1,15,19,64.4,6.6,1095,1697,2792,,
330,11/26/2011,4,2011,11,0,6,0,1,15,19,68.2,4.6,1249,1819,3068,,
331,11/27/2011,4,2011,11,0,7,0,1,19,23,69.8,14,810,2261,3071,,
332,11/28/2011,4,2011,11,0,1,1,1,21,25,74.3,9.5,253,3614,3867,,
333,11/29/2011,4,2011,11,0,2,1,2,19,23,83.1,17.3,96,2818,2914,,
334,11/30/2011,4,2011,11,0,3,1,1,13,16,61.3,18.2,188,3425,3613,,
335,12/1/2011,4,2011,12,0,4,1,1,13,15,52.5,14.8,182,3545,3727,,
336,12/2/2011,4,2011,12,0,5,1,1,13,17,62.6,6.8,268,3672,3940,,
337,12/3/2011,4,2011,12,0,6,0,1,12,16,61.3,6.4,706,2908,3614,,
338,12/4/2011,4,2011,12,0,7,0,1,14,17,77.6,5.6,634,2851,3485,,
339,12/5/2011,4,2011,12,0,1,1,2,16,20,82.7,4.2,233,3578,3811,,
340,12/6/2011,4,2011,12,0,2,1,3,19,23,95,15.6,126,2468,2594,,
341,12/7/2011,4,2011,12,0,3,1,3,17,20,97,17.8,50,655,705,,
342,12/8/2011,4,2011,12,0,4,1,1,11,13,58,16.1,150,3172,3322,,
343,12/9/2011,4,2011,12,0,5,1,1,12,16,69.6,5.5,261,3359,3620,,
344,12/10/2011,4,2011,12,0,6,0,1,11,13,50.8,15.6,502,2688,3190,,
345,12/11/2011,4,2011,12,0,7,0,1,9,13,49,4.5,377,2366,2743,,
346,12/12/2011,4,2011,12,0,1,1,1,10,14,67.1,4.3,143,3167,3310,,
347,12/13/2011,4,2011,12,0,2,1,1,12,15,59,9.4,155,3368,3523,,
348,12/14/2011,4,2011,12,0,3,1,2,13,17,66.4,4.1,178,3562,3740,,
349,12/15/2011,4,2011,12,0,4,1,2,17,21,63.4,18,181,3528,3709,,
350,12/16/2011,4,2011,12,0,5,1,2,15,18,50,17.5,178,3399,3577,,
351,12/17/2011,4,2011,12,0,6,0,2,11,12,56.1,16.3,275,2464,2739,,
352,12/18/2011,4,2011,12,0,7,0,1,10,12,58.6,11.4,220,2211,2431,,
353,12/19/2011,4,2011,12,0,1,1,1,11,14,63.8,11.6,260,3143,3403,,
354,12/20/2011,4,2011,12,0,2,1,2,16,20,59.5,4.1,216,3534,3750,,
355,12/21/2011,1,2011,12,0,3,1,2,18,21,85.8,14.8,107,2553,2660,,
356,12/22/2011,1,2011,12,0,4,1,2,17,21,75.8,3.2,227,2841,3068,,
357,12/23/2011,1,2011,12,0,5,1,1,15,19,68.6,18.4,163,2046,2209,,
358,12/24/2011,1,2011,12,0,6,0,1,12,15,54.3,12.8,155,856,1011,,
359,12/25/2011,1,2011,12,0,7,0,1,11,14,68.1,10.4,303,451,754,,
360,12/26/2011,1,2011,12,1,1,0,1,13,16,50.7,16,430,887,1317,,
361,12/27/2011,1,2011,12,0,2,1,2,13,16,76.3,12.6,103,1059,1162,,
362,12/28/2011,1,2011,12,0,3,1,1,12,14,50.4,19.7,255,2047,2302,,
363,12/29/2011,1,2011,12,0,4,1,1,10,13,57.4,8,254,2169,2423,,
364,12/30/2011,1,2011,12,0,5,1,1,13,16,63.7,9,491,2508,2999,,
365,12/31/2011,1,2011,12,0,6,0,1,17,21,61.6,14.8,665,1820,2485,,
366,1/1/2012,1,2012,1,0,7,0,1,15,19,69.3,12.9,686,1608,2294,,
367,1/2/2012,1,2012,1,1,1,0,1,11,13,38.1,22.1,244,1707,1951,,
368,1/3/2012,1,2012,1,0,2,1,1,6,6,44.1,24.5,89,2147,2236,,
369,1/4/2012,1,2012,1,0,3,1,2,4,6,41.5,12.4,95,2273,2368,,
370,1/5/2012,1,2012,1,0,4,1,1,11,14,52.4,8.7,140,3132,3272,,
371,1/6/2012,1,2012,1,0,5,1,1,14,17,54.2,11.2,307,3791,4098,,
372,1/7/2012,1,2012,1,0,6,0,1,16,20,53.2,11.7,1070,3451,4521,,
373,1/8/2012,1,2012,1,0,7,0,1,14,17,46.5,12.8,599,2826,3425,,
374,1/9/2012,1,2012,1,0,1,1,2,9,12,70.2,6.6,106,2270,2376,,
375,1/10/2012,1,2012,1,0,2,1,1,13,16,64.7,12.6,173,3425,3598,,
376,1/11/2012,1,2012,1,0,3,1,2,11,14,84.8,8.8,92,2085,2177,,
377,1/12/2012,1,2012,1,0,4,1,2,16,19,80.3,12.1,269,3828,4097,,
378,1/13/2012,1,2012,1,0,5,1,1,11,12,50.8,25.3,174,3040,3214,,
379,1/14/2012,1,2012,1,0,6,0,1,7,9,45.8,12.5,333,2160,2493,,
380,1/15/2012,1,2012,1,0,7,0,1,7,8,41.9,16.8,284,2027,2311,,
381,1/16/2012,1,2012,1,1,1,0,1,8,10,52.3,15.5,217,2081,2298,,
382,1/17/2012,1,2012,1,0,2,1,2,15,18,71.6,23.4,127,2808,2935,,
383,1/18/2012,1,2012,1,0,3,1,1,12,14,44.3,27.8,109,3267,3376,,
384,1/19/2012,1,2012,1,0,4,1,1,8,10,49.8,14.8,130,3162,3292,,
385,1/20/2012,1,2012,1,0,5,1,2,9,11,45,13.6,115,3048,3163,,
386,1/21/2012,1,2012,1,0,6,0,2,7,9,83.1,14.9,67,1234,1301,,
387,1/22/2012,1,2012,1,0,7,0,2,7,8,79.6,13.4,196,1781,1977,,
388,1/23/2012,1,2012,1,0,1,1,2,9,12,91.1,7.4,145,2287,2432,,
389,1/24/2012,1,2012,1,0,2,1,1,14,17,83.6,8.3,439,3900,4339,,
390,1/25/2012,1,2012,1,0,3,1,1,12,15,64.4,10.8,467,3803,4270,,
391,1/26/2012,1,2012,1,0,4,1,2,14,18,77,4.9,244,3831,4075,,
392,1/27/2012,1,2012,1,0,5,1,2,17,21,74.1,23,269,3187,3456,,
393,1/28/2012,1,2012,1,0,6,0,1,13,16,54.3,14.1,775,3248,4023,,
394,1/29/2012,1,2012,1,0,7,0,1,12,14,31.1,16.1,558,2685,3243,,
395,1/30/2012,1,2012,1,0,1,1,1,11,13,40.1,14.5,126,3498,3624,,
396,1/31/2012,1,2012,1,0,2,1,1,16,19,41.7,17.5,324,4185,4509,,
397,2/1/2012,1,2012,2,0,3,1,1,19,23,50.8,12.7,304,4275,4579,,
398,2/2/2012,1,2012,2,0,4,1,2,16,20,67.3,12.5,190,3571,3761,,
399,2/3/2012,1,2012,2,0,5,1,1,13,15,52.7,12,310,3841,4151,,
400,2/4/2012,1,2012,2,0,6,0,2,11,14,78,8.2,384,2448,2832,,
401,2/5/2012,1,2012,2,0,7,0,2,11,13,68.8,11.8,318,2629,2947,,
402,2/6/2012,1,2012,2,0,1,1,1,12,15,62.2,10.3,206,3578,3784,,
403,2/7/2012,1,2012,2,0,2,1,1,15,18,49.6,9.9,199,4176,4375,,
404,2/8/2012,1,2012,2,0,3,1,2,11,13,72.3,9,109,2693,2802,,
405,2/9/2012,1,2012,2,0,4,1,1,11,13,56.2,13,163,3667,3830,,
406,2/10/2012,1,2012,2,0,5,1,2,12,15,54,7.8,227,3604,3831,,
407,2/11/2012,1,2012,2,0,6,0,3,9,11,73.1,19.4,192,1977,2169,,
408,2/12/2012,1,2012,2,0,7,0,1,5,5,46.5,27.4,73,1456,1529,,
409,2/13/2012,1,2012,2,0,1,1,1,9,11,41.1,11.2,94,3328,3422,,
410,2/14/2012,1,2012,2,0,2,1,2,13,17,50.9,9.5,135,3787,3922,,
411,2/15/2012,1,2012,2,0,3,1,1,14,18,53.1,12.2,141,4028,4169,,
412,2/16/2012,1,2012,2,0,4,1,2,13,17,75.3,6.1,74,2931,3005,,
413,2/17/2012,1,2012,2,0,5,1,1,14,18,63.5,13.8,349,3805,4154,,
414,2/18/2012,1,2012,2,0,6,0,1,14,18,53.5,12.8,1435,2883,4318,,
415,2/19/2012,1,2012,2,0,7,0,2,11,13,51.6,17,618,2071,2689,,
416,2/20/2012,1,2012,2,1,1,0,1,11,14,50.8,15.3,502,2627,3129,,
417,2/21/2012,1,2012,2,0,2,1,1,12,15,59.4,13.8,163,3614,3777,,
418,2/22/2012,1,2012,2,0,3,1,1,16,20,56.8,15.7,394,4379,4773,,
419,2/23/2012,1,2012,2,0,4,1,1,19,22,55.5,12.8,516,4546,5062,,
420,2/24/2012,1,2012,2,0,5,1,2,17,21,73.8,15.9,246,3241,3487,,
421,2/25/2012,1,2012,2,0,6,0,1,12,13,39.6,28.3,317,2415,2732,,
422,2/26/2012,1,2012,2,0,7,0,1,11,13,41,13.8,515,2874,3389,,
423,2/27/2012,1,2012,2,0,1,1,1,15,18,49.1,18,253,4069,4322,,
424,2/28/2012,1,2012,2,0,2,1,1,15,18,39.6,13,229,4134,4363,,
425,2/29/2012,1,2012,2,0,3,1,2,14,17,80.5,12,65,1769,1834,,
426,3/1/2012,1,2012,3,0,4,1,1,20,24,61.5,15.2,325,4665,4990,,
427,3/2/2012,1,2012,3,0,5,1,2,14,18,65.7,9.7,246,2948,3194,,
428,3/3/2012,1,2012,3,0,6,0,2,17,21,62.1,10.8,956,3110,4066,,
429,3/4/2012,1,2012,3,0,7,0,1,13,15,40.3,22.4,710,2713,3423,,
430,3/5/2012,1,2012,3,0,1,1,1,10,12,50.6,15.3,203,3130,3333,,
431,3/6/2012,1,2012,3,0,2,1,1,11,13,45.7,13.5,221,3735,3956,,
432,3/7/2012,1,2012,3,0,3,1,1,17,19,51.3,23.2,432,4484,4916,,
433,3/8/2012,1,2012,3,0,4,1,1,22,26,56.8,29.6,486,4896,5382,,
434,3/9/2012,1,2012,3,0,5,1,2,17,20,40.7,27.8,447,4122,4569,,
435,3/10/2012,1,2012,3,0,6,0,1,12,14,35,15.1,968,3150,4118,,
436,3/11/2012,1,2012,3,0,7,0,1,15,18,47.7,14.9,1658,3253,4911,,
437,3/12/2012,1,2012,3,0,1,1,1,19,23,48.9,13.9,838,4460,5298,,
438,3/13/2012,1,2012,3,0,2,1,1,23,27,61.8,15.9,762,5085,5847,,
439,3/14/2012,1,2012,3,0,3,1,1,23,27,50.7,7.7,997,5315,6312,,
440,3/15/2012,1,2012,3,0,4,1,1,23,27,58,10,1005,5187,6192,,
441,3/16/2012,1,2012,3,0,5,1,2,18,22,84.2,7.6,548,3830,4378,,
442,3/17/2012,1,2012,3,0,6,0,2,21,25,75.6,7.4,3155,4681,7836,,
443,3/18/2012,1,2012,3,0,7,0,2,19,23,81,8.5,2207,3685,5892,,
444,3/19/2012,1,2012,3,0,1,1,1,22,27,72.9,10.9,982,5171,6153,,
445,3/20/2012,1,2012,3,0,2,1,1,23,27,80.8,8.1,1051,5042,6093,,
446,3/21/2012,2,2012,3,0,3,1,2,22,26,82.1,6,1122,5108,6230,,
447,3/22/2012,2,2012,3,0,4,1,1,23,27,83.1,7.9,1334,5537,6871,,
448,3/23/2012,2,2012,3,0,5,1,2,25,29,69.4,7.8,2469,5893,8362,,
449,3/24/2012,2,2012,3,0,6,0,2,21,24,88.5,12.9,1033,2339,3372,,
450,3/25/2012,2,2012,3,0,7,0,2,18,22,88.1,14.8,1532,3464,4996,,
451,3/26/2012,2,2012,3,0,1,1,1,18,22,47.8,25.9,795,4763,5558,,
452,3/27/2012,2,2012,3,0,2,1,1,13,16,29,12.5,531,4571,5102,,
453,3/28/2012,2,2012,3,0,3,1,1,20,24,48.1,19.5,674,5024,5698,,
454,3/29/2012,2,2012,3,0,4,1,1,20,24,43.9,21.4,834,5299,6133,,
455,3/30/2012,2,2012,3,0,5,1,2,15,19,58.1,9.3,796,4663,5459,,
456,3/31/2012,2,2012,3,0,6,0,2,17,21,73.8,16.8,2301,3934,6235,,
457,4/1/2012,2,2012,4,0,7,0,2,17,21,67.6,11.5,2347,3694,6041,,
458,4/2/2012,2,2012,4,0,1,1,1,18,21,50.4,20.9,1208,4728,5936,,
459,4/3/2012,2,2012,4,0,2,1,1,19,23,39.7,6.7,1348,5424,6772,,
460,4/4/2012,2,2012,4,0,3,1,1,22,27,47,12.1,1058,5378,6436,,
461,4/5/2012,2,2012,4,0,4,1,1,18,22,37.4,14.7,1192,5265,6457,,
462,4/6/2012,2,2012,4,0,5,1,1,17,20,37.7,20.1,1807,4653,6460,,
463,4/7/2012,2,2012,4,0,6,0,1,18,21,25.4,18.4,3252,3605,6857,,
464,4/8/2012,2,2012,4,0,7,0,1,21,25,27.6,15.6,2230,2939,5169,,
465,4/9/2012,2,2012,4,0,1,1,1,20,24,31.8,24,905,4680,5585,,
466,4/10/2012,2,2012,4,0,2,1,1,18,22,43.5,16.7,819,5099,5918,,
467,4/11/2012,2,2012,4,0,3,1,1,14,17,47,19.8,482,4380,4862,,
468,4/12/2012,2,2012,4,0,4,1,1,16,19,46.6,19.5,663,4746,5409,,
469,4/13/2012,2,2012,4,0,5,1,1,18,22,40.8,10.4,1252,5146,6398,,
470,4/14/2012,2,2012,4,0,6,0,1,20,24,50.3,12.8,2795,4665,7460,,
471,4/15/2012,2,2012,4,0,7,0,1,25,29,50.8,15.1,2846,4286,7132,,
472,4/16/2012,2,2012,4,1,1,0,1,27,31,56.2,19.1,1198,5172,6370,,
473,4/17/2012,2,2012,4,0,2,1,1,25,30,39,18.3,989,5702,6691,,
474,4/18/2012,2,2012,4,0,3,1,2,19,23,56.9,11.3,347,4020,4367,,
475,4/19/2012,2,2012,4,0,4,1,1,20,25,61.3,4.4,846,5719,6565,,
476,4/20/2012,2,2012,4,0,5,1,1,22,26,69.5,10,1340,5950,7290,,
477,4/21/2012,2,2012,4,0,6,0,1,23,27,68.3,19,2541,4083,6624,,
478,4/22/2012,2,2012,4,0,7,0,3,16,19,83.5,23.1,120,907,1027,,
479,4/23/2012,2,2012,4,0,1,1,2,13,15,76.7,20.3,195,3019,3214,,
480,4/24/2012,2,2012,4,0,2,1,1,17,20,45.4,16.7,518,5115,5633,,
481,4/25/2012,2,2012,4,0,3,1,1,20,24,42.8,8,655,5541,6196,,
482,4/26/2012,2,2012,4,0,4,1,2,20,24,75.7,11.8,475,4551,5026,,
483,4/27/2012,2,2012,4,0,5,1,1,19,23,40.1,23.3,1014,5219,6233,,
484,4/28/2012,2,2012,4,0,6,0,2,15,19,49,8.7,1120,3100,4220,,
485,4/29/2012,2,2012,4,0,7,0,1,19,23,58.7,7.8,2229,4075,6304,,
486,4/30/2012,2,2012,4,0,1,1,2,19,23,57,11.5,665,4907,5572,,
487,5/1/2012,2,2012,5,0,2,1,2,25,29,66,10.5,653,5087,5740,,
488,5/2/2012,2,2012,5,0,3,1,1,23,27,79.7,9.2,667,5502,6169,,
489,5/3/2012,2,2012,5,0,4,1,2,23,27,76.8,9,764,5657,6421,,
490,5/4/2012,2,2012,5,0,5,1,1,26,30,73.5,10.9,1069,5227,6296,,
491,5/5/2012,2,2012,5,0,6,0,2,25,29,75.7,10.3,2496,4387,6883,,
492,5/6/2012,2,2012,5,0,7,0,2,23,27,74,10,2135,4224,6359,,
493,5/7/2012,2,2012,5,0,1,1,2,22,26,66.4,15.5,1008,5265,6273,,
494,5/8/2012,2,2012,5,0,2,1,2,24,28,68.6,19.8,738,4990,5728,,
495,5/9/2012,2,2012,5,0,3,1,2,24,28,74.4,14.5,620,4097,4717,,
496,5/10/2012,2,2012,5,0,4,1,1,21,25,55.2,21,1026,5546,6572,,
497,5/11/2012,2,2012,5,0,5,1,1,22,26,36,15.9,1319,5711,7030,,
498,5/12/2012,2,2012,5,0,6,0,1,23,27,48,8.2,2622,4807,7429,,
499,5/13/2012,2,2012,5,0,7,0,1,25,29,57.6,15.1,2172,3946,6118,,
500,5/14/2012,2,2012,5,0,1,1,2,24,27,79,14.3,342,2501,2843,,
501,5/15/2012,2,2012,5,0,2,1,2,25,29,79.5,9.9,625,4490,5115,,
502,5/16/2012,2,2012,5,0,3,1,1,26,30,69.8,8.2,991,6433,7424,,
503,5/17/2012,2,2012,5,0,4,1,1,24,29,52,15.4,1242,6142,7384,,
504,5/18/2012,2,2012,5,0,5,1,1,23,28,52.3,9.2,1521,6118,7639,,
505,5/19/2012,2,2012,5,0,6,0,1,25,28,45.6,5.6,3410,4884,8294,,
506,5/20/2012,2,2012,5,0,7,0,1,25,29,53,17,2704,4425,7129,,
507,5/21/2012,2,2012,5,0,1,1,2,25,28,81.1,15.6,630,3729,4359,,
508,5/22/2012,2,2012,5,0,2,1,2,25,29,76.6,7.9,819,5254,6073,,
509,5/23/2012,2,2012,5,0,3,1,2,25,29,77.5,6.8,766,4494,5260,,
510,5/24/2012,2,2012,5,0,4,1,1,27,30,71.7,11.6,1059,5711,6770,,
511,5/25/2012,2,2012,5,0,5,1,1,28,31,74.7,9.4,1417,5317,6734,,
512,5/26/2012,2,2012,5,0,6,0,1,28,32,73.3,13.3,2855,3681,6536,,
513,5/27/2012,2,2012,5,0,7,0,1,28,32,69.7,14.4,3283,3308,6591,,
514,5/28/2012,2,2012,5,1,1,0,1,29,34,67.6,13.2,2557,3486,6043,,
515,5/29/2012,2,2012,5,0,2,1,1,30,34,68.5,19.8,880,4863,5743,,
516,5/30/2012,2,2012,5,0,3,1,2,27,31,67,9,745,6110,6855,,
517,5/31/2012,2,2012,5,0,4,1,1,28,32,49.3,13.1,1100,6238,7338,,
518,6/1/2012,2,2012,6,0,5,1,2,27,30,75.5,15.9,533,3594,4127,,
519,6/2/2012,2,2012,6,0,6,0,1,24,28,54.9,12.5,2795,5325,8120,,
520,6/3/2012,2,2012,6,0,7,0,1,25,29,49.3,12.3,2494,5147,7641,,
521,6/4/2012,2,2012,6,0,1,1,1,24,29,48.7,19.1,1071,5927,6998,,
522,6/5/2012,2,2012,6,0,2,1,2,22,26,61.3,14,968,6033,7001,,
523,6/6/2012,2,2012,6,0,3,1,1,23,27,61.1,5.2,1027,6028,7055,,
524,6/7/2012,2,2012,6,0,4,1,1,25,28,56.7,10.5,1038,6456,7494,,
525,6/8/2012,2,2012,6,0,5,1,1,27,30,46.8,11.8,1488,6248,7736,,
526,6/9/2012,2,2012,6,0,6,0,1,29,32,43.7,9.7,2708,4790,7498,,
527,6/10/2012,2,2012,6,0,7,0,1,30,33,53.8,9,2224,4374,6598,,
528,6/11/2012,2,2012,6,0,1,1,2,30,33,58.8,13.9,1017,5647,6664,,
529,6/12/2012,2,2012,6,0,2,1,2,27,30,83.3,14.4,477,4495,4972,,
530,6/13/2012,2,2012,6,0,3,1,1,27,31,58.2,23,1173,6248,7421,,
531,6/14/2012,2,2012,6,0,4,1,1,27,31,57,17,1180,6183,7363,,
532,6/15/2012,2,2012,6,0,5,1,1,26,30,59,11.8,1563,6102,7665,,
533,6/16/2012,2,2012,6,0,6,0,1,26,30,50.4,11.2,2963,4739,7702,,
534,6/17/2012,2,2012,6,0,7,0,1,24,29,59.9,9.7,2634,4344,6978,,
535,6/18/2012,2,2012,6,0,1,1,2,23,27,77.8,11.7,653,4446,5099,,
536,6/19/2012,2,2012,6,0,2,1,1,28,33,69,9.9,968,5857,6825,,
537,6/20/2012,2,2012,6,0,3,1,1,32,36,59.2,7.6,872,5339,6211,,
538,6/21/2012,3,2012,6,0,4,1,1,33,38,56.8,8,778,5127,5905,,
539,6/22/2012,3,2012,6,0,5,1,1,32,36,57.4,12.3,964,4859,5823,,
540,6/23/2012,3,2012,6,0,6,0,1,30,33,53.5,12,2657,4801,7458,,
541,6/24/2012,3,2012,6,0,7,0,1,30,34,47.9,9.8,2551,4340,6891,,
542,6/25/2012,3,2012,6,0,1,1,1,29,33,50.4,20.1,1139,5640,6779,,
543,6/26/2012,3,2012,6,0,2,1,1,26,30,37.3,23.3,1077,6365,7442,,
544,6/27/2012,3,2012,6,0,3,1,1,29,32,36,18.2,1077,6258,7335,,
545,6/28/2012,3,2012,6,0,4,1,1,31,34,42.3,11.5,921,5958,6879,,
546,6/29/2012,3,2012,6,0,5,1,1,34,39,48.9,11.1,829,4634,5463,,
547,6/30/2012,3,2012,6,0,6,0,1,31,34,60.1,10.8,1455,4232,5687,,
548,7/1/2012,3,2012,7,0,7,0,1,33,38,51.9,11.3,1421,4110,5531,,
549,7/2/2012,3,2012,7,0,1,1,1,32,35,44.7,13.1,904,5323,6227,,
550,7/3/2012,3,2012,7,0,2,1,1,32,35,49.2,8.5,1052,5608,6660,,
551,7/4/2012,3,2012,7,1,3,0,1,32,37,53.9,9,2562,4841,7403,,
552,7/5/2012,3,2012,7,0,4,1,1,34,38,45.8,13,1405,4836,6241,,
553,7/6/2012,3,2012,7,0,5,1,1,34,38,45.1,9.8,1366,4841,6207,,
554,7/7/2012,3,2012,7,0,6,0,1,35,40,49.2,11,1448,3392,4840,,
555,7/8/2012,3,2012,7,0,7,0,1,34,40,57.4,8.4,1203,3469,4672,,
556,7/9/2012,3,2012,7,0,1,1,2,29,33,68.3,12.1,998,5571,6569,,
557,7/10/2012,3,2012,7,0,2,1,2,30,33,66.8,10.2,954,5336,6290,,
558,7/11/2012,3,2012,7,0,3,1,1,29,33,63.3,10.2,975,6289,7264,,
559,7/12/2012,3,2012,7,0,4,1,1,29,33,53,9.8,1032,6414,7446,,
560,7/13/2012,3,2012,7,0,5,1,2,30,33,48.6,5.4,1511,5988,7499,,
561,7/14/2012,3,2012,7,0,6,0,2,29,33,69.9,9.6,2355,4614,6969,,
562,7/15/2012,3,2012,7,0,7,0,1,31,35,71.8,11.2,1920,4111,6031,,
563,7/16/2012,3,2012,7,0,1,1,1,31,36,64.5,11,1088,5742,6830,,
564,7/17/2012,3,2012,7,0,2,1,1,34,38,50.6,7.7,921,5865,6786,,
565,7/18/2012,3,2012,7,0,3,1,1,33,37,57.7,9.2,799,4914,5713,,
566,7/19/2012,3,2012,7,0,4,1,1,32,36,60,11.1,888,5703,6591,,
567,7/20/2012,3,2012,7,0,5,1,2,27,31,84.4,14,747,5123,5870,,
568,7/21/2012,3,2012,7,0,6,0,3,24,27,86.5,14.3,1264,3195,4459,,
569,7/22/2012,3,2012,7,0,7,0,2,27,31,76.3,6.3,2544,4866,7410,,
570,7/23/2012,3,2012,7,0,1,1,1,30,35,69.4,9.3,1135,5831,6966,,
571,7/24/2012,3,2012,7,0,2,1,1,31,35,65.5,14.2,1140,6452,7592,,
572,7/25/2012,3,2012,7,0,3,1,1,30,33,45,11,1383,6790,8173,,
573,7/26/2012,3,2012,7,0,4,1,1,32,37,59.7,19.1,1036,5825,6861,,
574,7/27/2012,3,2012,7,0,5,1,1,32,37,59.5,10.3,1259,5645,6904,,
575,7/28/2012,3,2012,7,0,6,0,1,31,35,61.3,10.5,2234,4451,6685,,
576,7/29/2012,3,2012,7,0,7,0,1,30,33,62.4,11.4,2153,4444,6597,,
577,7/30/2012,3,2012,7,0,1,1,1,30,34,66.9,10.3,1040,6065,7105,,
578,7/31/2012,3,2012,7,0,2,1,1,29,33,70.4,11.1,968,6248,7216,,
579,8/1/2012,3,2012,8,0,3,1,1,29,33,67.8,9.5,1074,6506,7580,,
580,8/2/2012,3,2012,8,0,4,1,1,31,35,66,8.7,983,6278,7261,,
581,8/3/2012,3,2012,8,0,5,1,2,31,36,64.3,14.5,1328,5847,7175,,
582,8/4/2012,3,2012,8,0,6,0,1,33,38,61.3,17.2,2345,4479,6824,,
583,8/5/2012,3,2012,8,0,7,0,1,32,37,65.3,19.5,1707,3757,5464,,
584,8/6/2012,3,2012,8,0,1,1,2,31,36,65.4,8.7,1233,5780,7013,,
585,8/7/2012,3,2012,8,0,2,1,2,30,35,70.4,7.8,1278,5995,7273,,
586,8/8/2012,3,2012,8,0,3,1,2,31,35,67.3,7.4,1263,6271,7534,,
587,8/9/2012,3,2012,8,0,4,1,1,31,35,62,10.5,1196,6090,7286,,
588,8/10/2012,3,2012,8,0,5,1,2,29,33,71.6,16,1065,4721,5786,,
589,8/11/2012,3,2012,8,0,6,0,2,28,32,73.3,13.8,2247,4052,6299,,
590,8/12/2012,3,2012,8,0,7,0,1,29,32,53,8.2,2182,4362,6544,,
591,8/13/2012,3,2012,8,0,1,1,1,30,33,54.5,9.1,1207,5676,6883,,
592,8/14/2012,3,2012,8,0,2,1,1,30,34,68.7,11.3,1128,5656,6784,,
593,8/15/2012,3,2012,8,0,3,1,1,29,33,62,11.4,1198,6149,7347,,
594,8/16/2012,3,2012,8,0,4,1,1,29,33,51.9,9.5,1338,6267,7605,,
595,8/17/2012,3,2012,8,0,5,1,1,30,12,57.1,15.5,1483,5665,7148,,
596,8/18/2012,3,2012,8,0,6,0,1,28,31,60.3,11.9,2827,5038,7865,,
597,8/19/2012,3,2012,8,0,7,0,2,26,30,71.2,5.8,1208,3341,4549,,
598,8/20/2012,3,2012,8,0,1,1,2,26,30,73.4,8.7,1026,5504,6530,,
599,8/21/2012,3,2012,8,0,2,1,1,27,30,67.4,4.9,1081,5925,7006,,
600,8/22/2012,3,2012,8,0,3,1,1,27,31,67.7,4.7,1094,6281,7375,,
601,8/23/2012,3,2012,8,0,4,1,1,29,32,63.6,5.7,1363,6402,7765,,
602,8/24/2012,3,2012,8,0,5,1,2,29,32,61.5,4.8,1325,6257,7582,,
603,8/25/2012,3,2012,8,0,6,0,2,27,31,71.3,16.4,1829,4224,6053,,
604,8/26/2012,3,2012,8,0,7,0,2,27,30,84.6,15.3,1483,3772,5255,,
605,8/27/2012,3,2012,8,0,1,1,1,29,33,73,8.6,989,5928,6917,,
606,8/28/2012,3,2012,8,0,2,1,1,30,33,62,12.8,935,6105,7040,,
607,8/29/2012,3,2012,8,0,3,1,1,28,32,55.2,7.5,1177,6520,7697,,
608,8/30/2012,3,2012,8,0,4,1,1,29,33,59,5.2,1172,6541,7713,,
609,8/31/2012,3,2012,8,0,5,1,1,31,34,58.8,11.3,1433,5917,7350,,
610,9/1/2012,3,2012,9,0,6,0,2,31,35,63.8,7.6,2352,3788,6140,,
611,9/2/2012,3,2012,9,0,7,0,2,29,32,81.5,4.3,2613,3197,5810,,
612,9/3/2012,3,2012,9,1,1,0,1,29,33,79.1,10.1,1965,4069,6034,,
613,9/4/2012,3,2012,9,0,2,1,1,30,34,75.5,15.8,867,5997,6864,,
614,9/5/2012,3,2012,9,0,3,1,1,30,35,74.1,12.6,832,6280,7112,,
615,9/6/2012,3,2012,9,0,4,1,2,29,33,81,9.5,611,5592,6203,,
616,9/7/2012,3,2012,9,0,5,1,1,29,33,73.6,11.5,1045,6459,7504,,
617,9/8/2012,3,2012,9,0,6,0,2,27,31,79.9,18.8,1557,4419,5976,,
618,9/9/2012,3,2012,9,0,7,0,1,25,29,54.8,15,2570,5657,8227,,
619,9/10/2012,3,2012,9,0,1,1,1,24,28,50.4,17.3,1118,6407,7525,,
620,9/11/2012,3,2012,9,0,2,1,1,24,28,52,6.2,1070,6697,7767,,
621,9/12/2012,3,2012,9,0,3,1,1,25,29,57.7,8.8,1050,6820,7870,,
622,9/13/2012,3,2012,9,0,4,1,1,25,29,63.7,5.5,1054,6750,7804,,
623,9/14/2012,3,2012,9,0,5,1,1,26,30,67.3,7,1379,6630,8009,,
624,9/15/2012,3,2012,9,0,6,0,1,25,29,50.2,16.6,3160,5554,8714,,
625,9/16/2012,3,2012,9,0,7,0,1,24,28,57,6,2166,5167,7333,,
626,9/17/2012,3,2012,9,0,1,1,2,24,28,73.5,10.2,1022,5847,6869,,
627,9/18/2012,3,2012,9,0,2,1,2,26,28,87.3,24,371,3702,4073,,
628,9/19/2012,3,2012,9,0,3,1,1,23,27,53.7,14.4,788,6803,7591,,
629,9/20/2012,3,2012,9,0,4,1,1,22,27,61.8,7.9,939,6781,7720,,
630,9/21/2012,3,2012,9,0,5,1,1,25,29,66.9,10.3,1250,6917,8167,,
631,9/22/2012,3,2012,9,0,6,0,1,27,31,64.7,19,2512,5883,8395,,
632,9/23/2012,4,2012,9,0,7,0,1,22,26,46.7,15,2454,5453,7907,,
633,9/24/2012,4,2012,9,0,1,1,1,21,25,49.3,9.5,1001,6435,7436,,
634,9/25/2012,4,2012,9,0,2,1,1,23,27,57,15.8,845,6693,7538,,
635,9/26/2012,4,2012,9,0,3,1,1,26,30,63.1,16.4,787,6946,7733,,
636,9/27/2012,4,2012,9,0,4,1,2,27,30,69.1,9,751,6642,7393,,
637,9/28/2012,4,2012,9,0,5,1,2,25,29,69,11,1045,6370,7415,,
638,9/29/2012,4,2012,9,0,6,0,1,22,27,54.3,15.2,2589,5966,8555,,
639,9/30/2012,4,2012,9,0,7,0,1,22,26,58.3,9,2015,4874,6889,,
640,10/1/2012,4,2012,10,0,1,1,2,21,26,64.9,6.1,763,6015,6778,,
641,10/2/2012,4,2012,10,0,2,1,3,24,27,87.2,7,315,4324,4639,,
642,10/3/2012,4,2012,10,0,3,1,2,27,30,79.4,4.5,728,6844,7572,,
643,10/4/2012,4,2012,10,0,4,1,2,27,30,72.3,7.9,891,6437,7328,,
644,10/5/2012,4,2012,10,0,5,1,1,25,29,62.8,7.1,1516,6640,8156,,
645,10/6/2012,4,2012,10,0,6,0,1,23,27,66.4,18,3031,4934,7965,,
646,10/7/2012,4,2012,10,0,7,0,2,17,21,70.8,9.5,781,2729,3510,,
647,10/8/2012,4,2012,10,1,1,0,2,16,19,71,12.7,874,4604,5478,,
648,10/9/2012,4,2012,10,0,2,1,2,18,22,76.2,12.8,601,5791,6392,,
649,10/10/2012,4,2012,10,0,3,1,1,21,25,63.1,12.6,780,6911,7691,,
650,10/11/2012,4,2012,10,0,4,1,1,18,22,46.3,12.2,834,6736,7570,,
651,10/12/2012,4,2012,10,0,5,1,1,18,22,53.9,15.8,1060,6222,7282,,
652,10/13/2012,4,2012,10,0,6,0,1,16,20,49.5,9.8,2252,4857,7109,,
653,10/14/2012,4,2012,10,0,7,0,1,21,25,64,18.7,2080,4559,6639,,
654,10/15/2012,4,2012,10,0,1,1,2,23,27,70.8,19.8,760,5115,5875,,
655,10/16/2012,4,2012,10,0,2,1,1,19,23,55.8,12.2,922,6612,7534,,
656,10/17/2012,4,2012,10,0,3,1,1,19,23,69.3,6.8,979,6482,7461,,
657,10/18/2012,4,2012,10,0,4,1,2,21,26,72.8,15.9,1008,6501,7509,,
658,10/19/2012,4,2012,10,0,5,1,2,23,27,81.5,9,753,4671,5424,,
659,10/20/2012,4,2012,10,0,6,0,1,20,24,57.3,7.9,2806,5284,8090,,
660,10/21/2012,4,2012,10,0,7,0,1,19,23,51,11.1,2132,4692,6824,,
661,10/22/2012,4,2012,10,0,1,1,1,20,24,56.8,5.5,830,6228,7058,,
662,10/23/2012,4,2012,10,0,2,1,1,22,27,64.2,6.3,841,6625,7466,,
663,10/24/2012,4,2012,10,0,3,1,1,24,28,63.6,4.9,795,6898,7693,,
664,10/25/2012,4,2012,10,0,4,1,2,23,26,80,8.3,875,6484,7359,,
665,10/26/2012,4,2012,10,0,5,1,2,22,26,80.7,8.9,1182,6262,7444,,
666,10/27/2012,4,2012,10,0,6,0,2,22,26,72,15.8,2643,5209,7852,,
667,10/28/2012,4,2012,10,0,7,0,2,20,23,69.5,26.7,998,3461,4459,,
668,10/29/2012,4,2012,10,0,1,1,3,18,22,88,24,2,20,22,,
669,10/30/2012,4,2012,10,0,2,1,2,13,15,82.5,14.3,87,1009,1096,,
670,10/31/2012,4,2012,10,0,3,1,2,15,18,66.7,11.2,419,5147,5566,,
671,11/1/2012,4,2012,11,0,4,1,2,15,18,58.2,10.5,466,5520,5986,,
672,11/2/2012,4,2012,11,0,5,1,1,15,18,52.2,17.8,618,5229,5847,,
673,11/3/2012,4,2012,11,0,6,0,2,14,16,49.1,18.1,1029,4109,5138,,
674,11/4/2012,4,2012,11,0,7,0,1,13,16,53.3,12,1201,3906,5107,,
675,11/5/2012,4,2012,11,0,1,1,1,13,15,49.4,15.8,378,4881,5259,,
676,11/6/2012,4,2012,11,0,2,1,1,12,14,56.7,11.6,466,5220,5686,,
677,11/7/2012,4,2012,11,0,3,1,2,12,14,54.8,20.4,326,4709,5035,,
678,11/8/2012,4,2012,11,0,4,1,1,14,17,33.3,23.3,340,4975,5315,,
679,11/9/2012,4,2012,11,0,5,1,1,15,18,54.1,14.4,709,5283,5992,,
680,11/10/2012,4,2012,11,0,6,0,1,16,20,64.5,3.9,2090,4446,6536,,
681,11/11/2012,4,2012,11,0,7,0,1,17,21,65.9,8.5,2290,4562,6852,,
682,11/12/2012,4,2012,11,1,1,0,1,20,24,74.2,11.6,1097,5172,6269,,
683,11/13/2012,4,2012,11,0,2,1,2,14,16,66.3,22.9,327,3767,4094,,
684,11/14/2012,4,2012,11,0,3,1,1,12,14,55.2,13.4,373,5122,5495,,
685,11/15/2012,4,2012,11,0,4,1,2,13,16,62,10.3,320,5125,5445,,
686,11/16/2012,4,2012,11,0,5,1,1,14,17,52.5,11.5,484,5214,5698,,
687,11/17/2012,4,2012,11,0,6,0,1,13,16,54.5,12,1313,4316,5629,,
688,11/18/2012,4,2012,11,0,7,0,1,14,17,69.3,15.3,922,3747,4669,,
689,11/19/2012,4,2012,11,0,1,1,2,16,19,62.3,15.7,449,5050,5499,,
690,11/20/2012,4,2012,11,0,2,1,2,15,19,68.5,5.5,534,5100,5634,,
691,11/21/2012,4,2012,11,0,3,1,1,14,18,61.4,6.9,615,4531,5146,,
692,11/22/2012,4,2012,11,1,4,0,1,14,18,58,3.5,955,1470,2425,,
693,11/23/2012,4,2012,11,0,5,1,1,15,19,56.9,9.9,1603,2307,3910,,
694,11/24/2012,4,2012,11,0,6,0,1,11,12,40.5,25.3,532,1745,2277,,
695,11/25/2012,4,2012,11,0,7,0,1,10,13,46.8,10.1,309,2115,2424,,
696,11/26/2012,4,2012,11,0,1,1,1,13,17,53.5,3.1,337,4750,5087,,
697,11/27/2012,4,2012,11,0,2,1,2,12,14,78.7,15.9,123,3836,3959,,
698,11/28/2012,4,2012,11,0,3,1,1,12,14,50.6,14.1,198,5062,5260,,
699,11/29/2012,4,2012,11,0,4,1,1,12,15,55.6,7.7,243,5080,5323,,
700,11/30/2012,4,2012,11,0,5,1,1,12,16,65,3.9,362,5306,5668,,
701,12/1/2012,4,2012,12,0,6,0,2,12,16,80.7,4,951,4240,5191,,
702,12/2/2012,4,2012,12,0,7,0,2,14,18,82.3,8.3,892,3757,4649,,
703,12/3/2012,4,2012,12,0,1,1,1,19,23,76.8,5.5,555,5679,6234,,
704,12/4/2012,4,2012,12,0,2,1,1,20,23,73.4,11.7,551,6055,6606,,
705,12/5/2012,4,2012,12,0,3,1,1,18,21,48.5,21.7,331,5398,5729,,
706,12/6/2012,4,2012,12,0,4,1,1,10,13,50.9,11.7,340,5035,5375,,
707,12/7/2012,4,2012,12,0,5,1,2,13,16,76.4,8.8,349,4659,5008,,
708,12/8/2012,4,2012,12,0,6,0,2,16,19,91.1,6.8,1153,4429,5582,,
709,12/9/2012,4,2012,12,0,7,0,2,16,20,90.5,10.6,441,2787,3228,,
710,12/10/2012,4,2012,12,0,1,1,2,18,22,92.5,12.8,329,4841,5170,,
711,12/11/2012,4,2012,12,0,2,1,2,14,17,59.7,19.8,282,5219,5501,,
712,12/12/2012,4,2012,12,0,3,1,2,12,15,53.8,10.9,310,5009,5319,,
713,12/13/2012,4,2012,12,0,4,1,1,12,15,48.6,11.7,425,5107,5532,,
714,12/14/2012,4,2012,12,0,5,1,1,12,15,64.3,8.8,429,5182,5611,,
715,12/15/2012,4,2012,12,0,6,0,1,13,17,65,7.1,767,4280,5047,,
716,12/16/2012,4,2012,12,0,7,0,2,15,18,83.9,6.7,538,3248,3786,,
717,12/17/2012,4,2012,12,0,1,1,2,16,20,90.7,6.6,212,4373,4585,,
718,12/18/2012,4,2012,12,0,2,1,1,17,20,66.6,14.8,433,5124,5557,,
719,12/19/2012,4,2012,12,0,3,1,1,14,17,62.5,12.3,333,4934,5267,,
720,12/20/2012,4,2012,12,0,4,1,2,14,17,66.8,8.9,314,3814,4128,,
721,12/21/2012,1,2012,12,0,5,1,2,13,15,55.7,25.1,221,3402,3623,,
722,12/22/2012,1,2012,12,0,6,0,1,11,12,44.1,27.3,205,1544,1749,,
723,12/23/2012,1,2012,12,0,7,0,1,10,13,51.5,8.9,408,1379,1787,,
724,12/24/2012,1,2012,12,0,1,1,2,9,13,79.1,5.2,174,746,920,,
725,12/25/2012,1,2012,12,1,2,0,2,12,15,73.5,11.3,440,573,1013,,
726,12/26/2012,1,2012,12,0,3,1,3,10,11,82.3,21.2,9,432,441,,
727,12/27/2012,1,2012,12,0,4,1,2,10,11,65.3,23.5,247,1867,2114,,
728,12/28/2012,1,2012,12,0,5,1,2,10,13,59,10.4,644,2451,3095,,
729,12/29/2012,1,2012,12,0,6,0,2,10,12,75.3,8.3,159,1182,1341,,
730,12/30/2012,1,2012,12,0,7,0,1,10,12,48.3,23.5,364,1432,1796,,
731,12/31/2012,1,2012,12,0,1,1,2,9,11,57.8,10.4,439,2290,2729,,
